{"#8VGY00G9": {"value": 28, "time": 1718886496.0364308}, "#R9Y9CPP0": {"value": 32, "time": 1722247189.990399}, "#28JLUUGVC": {"value": 15, "time": 1709794863.8666928}, "#9JQ92JUP2": {"value": 23, "time": 1719148956.7559762}, "#GJR9GL8J": {"value": 7, "time": 1709224719.7274055}, "#8P2PYG8U2": {"value": 24, "time": 1713779805.018464}, "#29ULPJQRP": {"value": 19, "time": 1720621627.7889445}, "#8GQ8UGL": {"value": 35, "time": 1721397691.845898}, "#2898CPQCV": {"value": 12, "time": 1713176658.3558567}, "#2J2G09L0R": {"value": 29, "time": 1720967549.768622}, "#Q2LYC08": {"value": 12, "time": 1715554912.5592668}, "#R9QJURGV": {"value": 12, "time": 1710851641.1660938}, "#RR9LVRRQ2": {"value": 5, "time": 1711292465.2399964}, "#82GQP0CV8": {"value": 1, "time": 1713384128.3709862}, "#PYGU9YYQC": {"value": 22, "time": 1713384624.173258}, "#9LV9CCG": {"value": 30, "time": 1717934885.462919}, "#8YGJJQ8JV": {"value": 15, "time": 1721113978.3980262}}