{"SHELLY": 5.0, "COLT": 5.0, "BULL": 8.333333333333334, "BROCK": 6.111111111111111, "RICO": 2.7777777777777777, "SPIKE": 6.111111111111111, "BARLEY": 5.0, "JESSIE": 2.7777777777777777, "NITA": 2.7777777777777777, "DYNAMIKE": 6.111111111111111, "EL PRIMO": 6.111111111111111, "MORTIS": 8.333333333333334, "CROW": 6.111111111111111, "POCO": 5.0, "BO": 8.333333333333334, "PIPER": 2.7777777777777777, "PAM": 6.111111111111111, "TARA": 8.333333333333334, "DARRYL": 11.11111111111111, "PENNY": 8.333333333333334, "FRANK": 0, "GENE": 2.7777777777777777, "TICK": 6.111111111111111, "LEON": 5.0, "ROSA": 5.0, "CARL": 5.0, "BIBI": 5.0, "8-BIT": 5.0, "SANDY": 2.7777777777777777, "BEA": 6.111111111111111, "EMZ": 6.111111111111111, "MR. P": 8.333333333333334, "MAX": 0, "JACKY": 6.111111111111111, "GALE": 2.7777777777777777, "NANI": 5.0, "SPROUT": 5.0, "SURGE": 2.7777777777777777, "COLETTE": 0, "AMBER": 2.7777777777777777, "LOU": 6.111111111111111, "BYRON": 0, "EDGAR": 6.111111111111111, "RUFFS": 5.0, "STU": 5.0, "BELLE": 2.7777777777777777, "SQUEAK": 8.333333333333334, "GROM": 8.333333333333334, "BUZZ": 2.7777777777777777, "GRIFF": 5.0, "ASH": 8.333333333333334, "MEG": 0, "LOLA": 5.0, "FANG": 6.111111111111111, "EVE": 6.111111111111111, "JANET": 11.11111111111111, "BONNIE": 8.333333333333334, "OTIS": 6.111111111111111, "SAM": 6.111111111111111, "GUS": 6.111111111111111, "BUSTER": 2.7777777777777777, "CHESTER": 5.0, "GRAY": 5.0, "MANDY": 5.0, "R-T": 2.7777777777777777, "WILLOW": 6.111111111111111, "MAISIE": 8.333333333333334, "HANK": 11.11111111111111, "CORDELIUS": 2.7777777777777777, "DOUG": 11.11111111111111, "PEARL": 5.0, "CHUCK": 5.0, "CHARLIE": 2.7777777777777777, "MICO": 6.111111111111111, "KIT": 0, "LARRY & LAWRIE": 2.7777777777777777, "MELODIE": 0, "ANGELO": 0, "DRACO": 0, "LILY": 0, "BERRY": 0, "CLANCY": 5.0}